--
-- PostgreSQL database dump
--

-- Dumped from database version 14.10 (Homebrew)
-- Dumped by pg_dump version 14.10 (Homebrew)

SET statement_timeout = 0;
SET lock_timeout = 0;
SET idle_in_transaction_session_timeout = 0;
SET client_encoding = 'UTF8';
SET standard_conforming_strings = on;
SELECT pg_catalog.set_config('search_path', '', false);
SET check_function_bodies = false;
SET xmloption = content;
SET client_min_messages = warning;
SET row_security = off;

--
-- Name: vinyl_type; Type: TYPE; Schema: public; Owner: postgres
--

CREATE TYPE public.vinyl_type AS ENUM (
    'album',
    'single',
    'ep',
    'collection'
);


ALTER TYPE public.vinyl_type OWNER TO postgres;

SET default_tablespace = '';

SET default_table_access_method = heap;

--
-- Name: tracks; Type: TABLE; Schema: public; Owner: postgres
--

CREATE TABLE public.tracks (
    track_id integer NOT NULL,
    track_title character varying(200) NOT NULL,
    track_author character varying(200),
    track_performer character varying(200),
    track_duration character varying(200)
);


ALTER TABLE public.tracks OWNER TO postgres;

--
-- Name: tracks_track_id_seq; Type: SEQUENCE; Schema: public; Owner: postgres
--

ALTER TABLE public.tracks ALTER COLUMN track_id ADD GENERATED ALWAYS AS IDENTITY (
    SEQUENCE NAME public.tracks_track_id_seq
    START WITH 1
    INCREMENT BY 1
    NO MINVALUE
    NO MAXVALUE
    CACHE 1
);


--
-- Name: vinyls; Type: TABLE; Schema: public; Owner: postgres
--

CREATE TABLE public.vinyls (
    vinyl_id integer NOT NULL,
    vinyl_title character varying(200) NOT NULL,
    vinyl_releaseyear integer,
    vinyl_catalog_num character varying(200),
    vinyl_rpm integer,
    vinyl_manufacturer character varying(200),
    vinyl_comments character varying,
    vinyl_type public.vinyl_type,
    vinyl_qr character varying(20000)
);


ALTER TABLE public.vinyls OWNER TO postgres;

--
-- Name: vinyls2tracks; Type: TABLE; Schema: public; Owner: postgres
--

CREATE TABLE public.vinyls2tracks (
    vinyl_id integer NOT NULL,
    track_id integer NOT NULL
);


ALTER TABLE public.vinyls2tracks OWNER TO postgres;

--
-- Name: vinyls_vinyl_id_seq; Type: SEQUENCE; Schema: public; Owner: postgres
--

ALTER TABLE public.vinyls ALTER COLUMN vinyl_id ADD GENERATED ALWAYS AS IDENTITY (
    SEQUENCE NAME public.vinyls_vinyl_id_seq
    START WITH 1
    INCREMENT BY 1
    NO MINVALUE
    NO MAXVALUE
    CACHE 1
);


--
-- Data for Name: tracks; Type: TABLE DATA; Schema: public; Owner: postgres
--

COPY public.tracks (track_id, track_title, track_author, track_performer, track_duration) FROM stdin;
1	fdvdfbfdbdf	\N	\N	\N
2	asdasd	\N	\N	\N
3	Очочтчлч	\N	\N	\N
4	Дадвлвл	\N	\N	\N
5	Оаоулу	\N	\N	\N
6	aasas	assa	asas	asas
7	Чтстатвт	\N	\N	\N
8	Ададлалада	Алалал	Лалала	\N
9	Слслослс	Лалалал	Слалал	Агалал
10	Алалала	Лаоала	Лалала	Сллаоа
11	Двдвлвлал	\N	\N	\N
12	Тчочтчлч	Вовоов	Ововов	\N
\.


--
-- Data for Name: vinyls; Type: TABLE DATA; Schema: public; Owner: postgres
--

COPY public.vinyls (vinyl_id, vinyl_title, vinyl_releaseyear, vinyl_catalog_num, vinyl_rpm, vinyl_manufacturer, vinyl_comments, vinyl_type, vinyl_qr) FROM stdin;
54	ОЧОЧОАЛВ	\N	\N	\N	\N	\N	\N	data:image/png;base64,iVBORw0KGgoAAAANSUhEUgAAAKQAAACkCAYAAAAZtYVBAAAAAklEQVR4AewaftIAAAYkSURBVO3BQW4ER5IAQfdE///LvjrGXgooNEmlBmFm/2CtSxzWushhrYsc1rrIYa2LHNa6yGGtixzWushhrYsc1rrIYa2LHNa6yGGtixzWushhrYsc1rrIhy+p/KWKSWWqmFSmiknlL1VMKlPFE5Wp4onKX6r4xmGtixzWushhrYt8+GEVP0nlDZWpYlJ5o2JSmSqeqEwqU8UbFZPKVPGk4iep/KTDWhc5rHWRw1oX+fDLVN6oeKNiUvlGxTdUpopJZVKZKiaV36TyRsVvOqx1kcNaFzmsdZEP/3EqT1SeVDxRmSomlaniGypvVPwvOax1kcNaFzmsdZEP/3EVk8pU8URlqnijYlKZKqaKSWWqmFSeqEwV/2WHtS5yWOsih7Uu8uGXVfylikllqvg3qTxRmSomlaniGxU3Oax1kcNaFzmsdZEPP0zlL6lMFX9JZaqYVKaKSWWqmFSmikllqniicrPDWhc5rHWRw1oX+fClipuoTBWTyk+qmFS+oTJVPKl4UvFfcljrIoe1LnJY6yIfvqQyVUwqTyomlTcqJpVJ5UnFpPKNiicqU8VvUpkqnqhMFZPKk4pvHNa6yGGtixzWusiHP1YxqTypeKIyVUwqU8WTikllUnlS8aRiUpkq3lCZKp6oTBVPVKaK33RY6yKHtS5yWOsiH75U8Y2KJypvqEwVv6liUpkq3lD5SypPKiaVqeInHda6yGGtixzWusiHH6YyVUwqU8WkMlVMKk8qJpWpYlJ5o+JJxaTyRsWkMlU8UZkqJpWpYlL5Nx3WushhrYsc1rrIh1+mMlU8qZhUnlT8pIonKlPFNyreUJkqvqFyk8NaFzmsdZHDWhf58CWVqWJSmVSeVEwVk8pvUpkqpopJZap4UvFGxROVJyrfUPlLh7UucljrIoe1LvLhh6k8qZhUJpUnFZPKVPGNiicq/yaVqeKJylQxqUwVk8pU8ZsOa13ksNZFDmtd5MMvq/hGxaTykyomlScVk8qTiknlGxVPVJ6oTBWTylTxlw5rXeSw1kUOa13E/sEXVKaKSWWqmFT+TRVvqEwVk8obFb9JZaqYVJ5U/KXDWhc5rHWRw1oX+fCliicVTyq+oTJVPFF5ojJVfKPiDZUnFf8mlScV3zisdZHDWhc5rHUR+we/SOVJxaTymyp+k8pUMalMFW+o/KaKSeWNim8c1rrIYa2LHNa6yIdfVvFGxROV36QyVUwqTyqeVEwqU8UbFd9QeVLxROUnHda6yGGtixzWusiHL6n8pIpJ5Y2Kb1S8UfFE5Q2VqWKqmFSmikllqpgqJpUnFb/psNZFDmtd5LDWRT5crmJSmSomlScVk8qTijdUnlQ8UXmj4hsqU8W/6bDWRQ5rXeSw1kXsH/wilScVT1SeVPwklScVk8qTijdUnlT8JJWfVPGNw1oXOax1kcNaF/nww1SmiknlicpU8UTljYo3Kt6oeKIyVTypmFSmikllqvhGxaTymw5rXeSw1kUOa13kw5dUpopJ5YnKE5Wp4o2Kn6QyVUwqTyomlTcqJpUnKt9QmSomlZ90WOsih7UucljrIh++VPGk4i9VTCpPKt6omFSeVEwqU8WkMqm8UfGGypOKv3RY6yKHtS5yWOsiH76k8pcq3qiYVCaVJypvVLyhMlVMKt9QmSqeVPybDmtd5LDWRQ5rXeTDD6v4SSpvqEwVU8WkMlVMKr+pYlKZKp6oPKl4Q+VJxW86rHWRw1oXOax1kQ+/TOWNijcqnqhMFU9U3qiYVKaKqWJSmSqeqDxR+UbFpPKk4icd1rrIYa2LHNa6yIf/OJWpYqqYVN6o+IbKGypPKiaVqeKJylQxqTxRmSp+0mGtixzWushhrYt8WP9PxaQyVbxRMalMFU9UvqHyRsWkMlX8psNaFzmsdZHDWhf58MsqflPFE5WpYlJ5Q+VJxV+qmFSmikllUpkq3lCZKr5xWOsih7UucljrIh9+mMpfUnlDZaqYVN6oeKIyVUwqU8UTlW9UTCpPKp5U/KTDWhc5rHWRw1oXsX+w1iUOa13ksNZFDmtd5LDWRQ5rXeSw1kUOa13ksNZFDmtd5LDWRQ5rXeSw1kUOa13ksNZFDmtd5P8ARZQAaZ8Ils8AAAAASUVORK5CYII=
55	ООР	\N	\N	\N	\N	\N	\N	data:image/png;base64,iVBORw0KGgoAAAANSUhEUgAAAKQAAACkCAYAAAAZtYVBAAAAAklEQVR4AewaftIAAAYnSURBVO3BQY4kRxLAQDLQ//8yd45+SiBR1aOQ1s3sD9a6xGGtixzWushhrYsc1rrIYa2LHNa6yGGtixzWushhrYsc1rrIYa2LHNa6yGGtixzWushhrYv88CGVv6niDZWpYlL5myomlaniicpU8UTlb6r4xGGtixzWushhrYv88GUV36TyiYonFZPKk4onKlPFpPJEZar4popvUvmmw1oXOax1kcNaF/nhl6m8UfGGylQxqTypeFLxROWJylQxqfyTVN6o+E2HtS5yWOsih7Uu8sN/jMpUMak8qZhUpoonFU9U3lD5f3JY6yKHtS5yWOsiP/zHVHxTxaQyVTxRmSqeqDyp+C87rHWRw1oXOax1kR9+WcXfpDJVPFH5hMonVKaKSWVSeVLxRsVNDmtd5LDWRQ5rXeSHL1P5J1VMKlPFpDJVTCpTxaQyVUwq31QxqbyhcrPDWhc5rHWRw1oXsT/4F1OZKn6TylTxN6k8qfg3O6x1kcNaFzmsdZEfPqQyVUwq31QxVbyh8qRiUnmiMlVMKlPFE5UnFZPKE5VvqvhNh7UucljrIoe1LvLDhyreqJhUnlQ8UZkqJpWp4m+qeKIyVfxNFZPKP+mw1kUOa13ksNZF7A++SGWqmFS+qWJS+UTFN6lMFW+oTBXfpDJVTCpvVHzisNZFDmtd5LDWRewPPqAyVbyhMlW8oTJVTCpTxRsqb1S8ofKk4onKVPGGyhsVv+mw1kUOa13ksNZFfvhQxROVJxVPVJ5UTCrfVDGpTBVPVJ5UPFF5UjGpTBWTyhsVk8pU8U2HtS5yWOsih7Uu8sMvq3ii8qTiExWTyjepPKl4ovKkYlL5RMWkMlW8oTJVfOKw1kUOa13ksNZFfviHVUwqk8pU8U0Vk8pU8U0qU8WkMqk8UXmi8qTiExXfdFjrIoe1LnJY6yI/fEjlN1U8UZkqJpWpYlJ5ojJVTCpTxRsqb1Q8UfmEylQxVfymw1oXOax1kcNaF/nhQxVPVN6omFSeVLyh8qRiUnlS8ZsqJpUnFU9UJpWpYlKZKiaVqeITh7UucljrIoe1LmJ/8EUqU8WkMlW8ofI3VTxR+UTFJ1Q+UTGpPKmYVKaKTxzWushhrYsc1rqI/cEvUnlSMal8ouITKk8qnqhMFZPKVPGGym+qmFTeqPjEYa2LHNa6yGGti/zwIZWp4psqJpWpYlL5RMUbKk9UpoonKlPFVDGpTBWTyhsqTyp+02GtixzWushhrYvYH3yRypOKSWWqmFSmijdUpopvUpkq3lCZKiaVqeKJyjdVTCpPKj5xWOsih7UucljrIvYHH1B5o2JSeVLxhsobFZPKVDGpTBWTypOKJypTxSdUpopJZap4Q2Wq+MRhrYsc1rrIYa2L/PBlFW9UTCqTylQxqTypeKLyCZWpYlJ5ojJVTCpvVDxR+YTKVPFNh7UucljrIoe1LvLDL1OZKiaVJxVvVLxR8YmKT1T8popJZaqYVJ5UTCpTxScOa13ksNZFDmtd5IdfVjGpvKHyhspUMalMFZPKVPGGyhsqTyqeqEwqb6jc5LDWRQ5rXeSw1kXsD/7FVKaKSWWqmFSmiknljYpJ5Y2KSWWqmFSmijdUpopJZar4TYe1LnJY6yKHtS7yw4dU/qaKqWJSmSomlaliUpkqvqliUnlSMam8oTJVfELlScUnDmtd5LDWRQ5rXeSHL6v4JpUnKlPFk4pJZaqYVN6omComlaliUpkqpopJ5UnFGypPKiaVbzqsdZHDWhc5rHWRH36ZyhsVv0llqnhS8QmVqeI3qXxTxd90WOsih7UucljrIj/8x6hMFVPFGyqfqHiiMlW8UTGpTBVPVD5R8U2HtS5yWOsih7Uu8sN/TMUTlScVTyqeqDxRmSqeqEwVk8pUMak8qXiiMlX8psNaFzmsdZHDWhexP/iAylTxTSpTxROVJxWTylTxhsq/ScWk8qTibzqsdZHDWhc5rHWRH75M5W9SmSq+SWWqeFLxROWNikllqnhDZap4ovKk4psOa13ksNZFDmtdxP5grUsc1rrIYa2LHNa6yGGtixzWushhrYsc1rrIYa2LHNa6yGGtixzWushhrYsc1rrIYa2LHNa6yP8ASscGXVa/bYUAAAAASUVORK5CYII=
56	ЛСОСОАЬАА	\N	\N	\N	\N	\N	\N	data:image/png;base64,iVBORw0KGgoAAAANSUhEUgAAAKQAAACkCAYAAAAZtYVBAAAAAklEQVR4AewaftIAAAYOSURBVO3BQY4cSRLAQDJQ//8yd45+SiBR3VJo4Wb2H9a6xGGtixzWushhrYsc1rrIYa2LHNa6yGGtixzWushhrYsc1rrIYa2LHNa6yGGtixzWushhrYt8+JLKn1QxqUwVk8pUMan8SRWTylTxRGWqeKLyJ1V847DWRQ5rXeSw1kU+/LCKn6TyhspUMam8UTGpTBVPVCaVqeKNikllqnhS8ZNUftJhrYsc1rrIYa2LfPhlKm9UvFHxkyq+oTJVTCqTylQxqfwmlTcqftNhrYsc1rrIYa2LfPjHqXyj4onKVDGpTBXfUHmj4v/JYa2LHNa6yGGti3z4x1VMKlPFE5Wp4o2KSWWqmComlaliUnmiMlX8yw5rXeSw1kUOa13kwy+r+JMqJpWpYqr4k1SeqEwVk8pU8Y2KmxzWushhrYsc1rrIhx+m8iepTBVvqEwVb6hMFZPKVDGpTBWTylQxqUwVT1RudljrIoe1LnJY6yIfvlRxE5Wp4jdVTCrfUJkqnlQ8qfiXHNa6yGGtixzWusiHL6lMFZPKk4pJ5Y2KSWVSeVIxqXyj4onKVPGbVKaKJypTxaTypOIbh7UucljrIoe1LmL/4RepTBWTypOKJypvVLyh8kbFGypTxRsqU8Wk8qRiUnlS8ZsOa13ksNZFDmtd5MMPU/lJKm9UTCq/qWJSmSreUPmTVJ5UTCpTxU86rHWRw1oXOax1kQ8/rOKJylQxqUwVk8obFU9U3qh4UjGpvFExqUwVT1SmikllqphU/qbDWhc5rHWRw1oX+fDLVN6omFSeVEwqU8WTijdUpopvVLyhMlV8Q+Umh7UucljrIoe1LmL/4QsqTyqeqEwVT1SeVEwqTyomlaniicpUMalMFT9J5W+q+EmHtS5yWOsih7Uu8uEyKm9UvFExqUwVT1T+JpWp4onKVDGpTBWTylTxmw5rXeSw1kUOa13kwy9T+UbFb6qYVJ5UTCpPKiaVb1Q8UXmiMlVMKlPFn3RY6yKHtS5yWOsiH35YxRsqT1T+pIonKlPFpPJGxU+qmFSmiknlJoe1LnJY6yKHtS7y4UsV36j4hsqTikllqvhNFW+oPKn4m1SeVHzjsNZFDmtd5LDWRT78MpUnFZPKb6p4ovKk4hsqU8VU8UTlGypPKiaVP+mw1kUOa13ksNZFPvwwlaniicqTiknlN1U8UXlS8aRiUpkq3qj4hsqTiicqP+mw1kUOa13ksNZFPnxJZaqYVKaKqeKJypOKJypTxaQyVbxR8UTlDZWpYqqYVKaKSWWqmComlScVv+mw1kUOa13ksNZFPvxlKk8q3lB5ovJE5RsqTyqeqLxR8Q2VqeJvOqx1kcNaFzmsdZEPX6r4RsUTlaniScU3VJ5UTCpPKr6hMlW8UfGGyt90WOsih7UucljrIh9+mMpU8YbKVPGGypOKNyreqHiiMlU8qZhUpopJZar4RsWk8psOa13ksNZFDmtd5MOXVKaKSeUbKlPFpPKkYlKZKt5QmSomlScVk8obFZPKE5VvqEwVk8pPOqx1kcNaFzmsdRH7D/8wlW9UfEPlScWkMlVMKt+oeEPlScUTlaniG4e1LnJY6yKHtS7y4Usqf1LFk4onKpPKk4pJ5UnFGypTxROVN1SmiicVf9NhrYsc1rrIYa2LfPhhFT9J5Q2VqWKqmFT+popJZaqYKiaVJxVvqDyp+E2HtS5yWOsih7Uu8uGXqbxR8UbFpDKpTBVTxROVJxWTylQxVUwqU8UTlScq36iYVJ5U/KTDWhc5rHWRw1oX+fCPU5kqJpVJ5RsVb6i8ofKkYlKZKp6oTBWTyhOVqeInHda6yGGtixzWusiH/3MV31D5RsWkMlU8UfmGyhsVk8pU8ZsOa13ksNZFDmtd5MMvq/hNFU9UpopvqDyp+JMqJpWpYlKZVKaKN1Smim8c1rrIYa2LHNa6yIcfpvInqfwklTcqnqhMFZPKVPFE5RsVk8qTiicVP+mw1kUOa13ksNZF7D+sdYnDWhc5rHWRw1oXOax1kcNaFzmsdZHDWhc5rHWRw1oXOax1kcNaFzmsdZHDWhc5rHWRw1oX+R8o6eVpmT+wowAAAABJRU5ErkJggg==
57	СЛЛВОВДА	\N	\N	\N	\N	\N	\N	data:image/png;base64,iVBORw0KGgoAAAANSUhEUgAAAKQAAACkCAYAAAAZtYVBAAAAAklEQVR4AewaftIAAAYKSURBVO3BQW4kwZEAQfcE//9l3znGqYBCN6mUNszsH9a6xGGtixzWushhrYsc1rrIYa2LHNa6yGGtixzWushhrYsc1rrIYa2LHNa6yGGtixzWushhrYv88CGVv1TxhspUMan8pYpJZap4ojJVPFH5SxWfOKx1kcNaFzmsdZEfvqzim1Q+UfGkYlJ5UvFEZaqYVJ6oTBXfVPFNKt90WOsih7UucljrIj/8MpU3Kt5Q+UTFk4onKk9UpopJ5T9J5Y2K33RY6yKHtS5yWOsiP/yPq5hUnlRMKlPFk4onKm+o/H9yWOsih7UucljrIj/8j6n4popJZap4ojJVPFF5UvG/7LDWRQ5rXeSw1kV++GUVf0llqnhD5Q2VT6hMFZPKpPKk4o2KmxzWushhrYsc1rrID1+m8p9UMalMFZPKVDGpTBWTylQxqXxTxaTyhsrNDmtd5LDWRQ5rXcT+4b+YylTxRGWqeENlqvhLKk8q/psd1rrIYa2LHNa6yA8fUpkqJpVvqpgqPqEyVUwqT1Smikllqnii8qRiUnmi8k0Vv+mw1kUOa13ksNZFfvhjFZPKk4onKm9U/KWKJypTxV+qmFT+kw5rXeSw1kUOa13E/uEPqUwVT1SeVLyh8qTim1SmijdUpopvUpkqJpU3Kj5xWOsih7UucljrIvYPH1B5UvFEZap4Q2Wq+CaVNyreUHlS8URlqnhD5Y2K33RY6yKHtS5yWOsi9g9fpPKk4g2VJxWfUJkqnqhMFU9UnlQ8UXlSMalMFZPKGxWTylTxTYe1LnJY6yKHtS7ywx9TeaPiicqTiicVk8obKk8qnqg8qZhUPlExqUwVb6hMFZ84rHWRw1oXOax1EfuHX6QyVTxR+aaKSWWqmFSmim9SmSomlb9U8YbKVPFNh7UucljrIoe1LvLDh1SeVDxReVIxqUwVT1SmiknlicpUMalMFW+ovFHxROUTKlPFVPGbDmtd5LDWRQ5rXeSHD1W8ofKkYlL5SxWTypOK31QxqTypeKIyqUwVk8pUMalMFZ84rHWRw1oXOax1kR++TGWqeFLxpGJSmVSmiicqb1Q8UflExRsVk8qk8kbFpPKfdFjrIoe1LnJY6yI/fFnFpPKGym+q+KaKSWWqmFQ+ofJNKlPFpDKp/KbDWhc5rHWRw1oXsX/4gMo3VTxRmSomlaliUnmj4onKGxVPVKaKJypTxaTyTRW/6bDWRQ5rXeSw1kXsH36RypOKJypTxaQyVbyhMlW8oTJVvKEyVUwqU8UTlW+qmFSeVHzisNZFDmtd5LDWRewfPqAyVUwqb1Q8UZkqJpUnFU9U3qiYVJ5UPFGZKj6hMlVMKlPFGypTxScOa13ksNZFDmtd5IdfVjGpTBWTyhsqTyqeqDypmFQmlaliUnmiMlVMKm9UPFH5hMpU8U2HtS5yWOsih7Uu8sMvU3mi8qTiN1V8ouITFb+pYlKZKiaVJxWTylTxicNaFzmsdZHDWhf54ZdVTCpvqHyi4g2VqeINlTdUnlQ8UZlU3lC5yWGtixzWushhrYvYP/wXU3mjYlL5popJ5Y2KSWWqmFSmijdUpopJZar4TYe1LnJY6yKHtS7yw4dU/lLFVDGpTBWTylQxqTyp+ETFpPKGyhsqU8UnVJ5UfOKw1kUOa13ksNZFfviyim9SeaIyVTypmFSeVEwqTyqmikllqphUpoonKk8q3lB5UjGpfNNhrYsc1rrIYa2L/PDLVN6o+ITKVDGpfKLiDZWp4jepfFPFXzqsdZHDWhc5rHWRH/7HqUwVn1B5o+KJylTxRsWkMlU8UflExTcd1rrIYa2LHNa6yA//Yyq+SWWqeKLyRGWqeKIyVUwqU8Wk8qTiicpU8ZsOa13ksNZFDmtdxP7hAypTxTepTBVPVJ5UfJPKf5OKSeVJxV86rHWRw1oXOax1kR++TOUvqUwVT1SeVEwqU8WTiicqb1RMKlPFGypTxROVJxXfdFjrIoe1LnJY6yL2D2td4rDWRQ5rXeSw1kUOa13ksNZFDmtd5LDWRQ5rXeSw1kUOa13ksNZFDmtd5LDWRQ5rXeSw1kX+D/Av3WhSApk6AAAAAElFTkSuQmCC
58	БАБАЬА	383883	Ладал	\N	\N	\N	\N	data:image/png;base64,iVBORw0KGgoAAAANSUhEUgAAAKQAAACkCAYAAAAZtYVBAAAAAklEQVR4AewaftIAAAYLSURBVO3BQW4kwZEAQfcE//9l3znGqYBCN6mUNszsH9a6xGGtixzWushhrYsc1rrIYa2LHNa6yGGtixzWushhrYsc1rrIYa2LHNa6yGGtixzWushhrYv88CGVv1TxhspUMan8pYpJZap4ojJVPFH5SxWfOKx1kcNaFzmsdZEfvqzim1TeUJkqnlRMKk8qnqhMFZPKE5Wp4psqvknlmw5rXeSw1kUOa13kh1+m8kbFGypPVJ5UPKl4ovJEZaqYVP6TVN6o+E2HtS5yWOsih7Uu8sP/mIpJ5Y2KSWWqeFLxROUNlf9PDmtd5LDWRQ5rXeSH/3EVn6iYVKaKJypTxROVJxX/yw5rXeSw1kUOa13kh19W8ZdUpopJZaqYVN5Q+YTKVDGpTCpPKt6ouMlhrYsc1rrIYa2L/PBlKv9JFZPKVDGpTBWTylQxqUwVk8o3VUwqb6jc7LDWRQ5rXeSw1kXsH/6LqUwVT1SmijdUpoq/pPKk4r/ZYa2LHNa6yGGti/zwIZWpYlL5poqp4hMqU8Wk8kRlqphUpoonKk8qJpUnKt9U8ZsOa13ksNZFDmtd5IcPVbxR8URlqniiMlVMKlPFX6p4ojJV/KWKSeU/6bDWRQ5rXeSw1kXsH75IZaqYVL6p4onKGxXfpDJVvKEyVXyTylQxqbxR8YnDWhc5rHWRw1oXsX/4gMpU8ZdU3qh4Q+WNijdUnlQ8UZkq3lB5o+I3Hda6yGGtixzWusgPX6bypGJSmSomlTcq3lCZKqaKSWWqeKLypOKJypOKSWWqmFTeqJhUpopvOqx1kcNaFzmsdZEfPlQxqXxTxRsqTyqeqLyh8qTiicqTiknlExWTylTxhspU8YnDWhc5rHWRw1oXsX+4iMqTiknlScUbKlPFN6lMFZPKX6p4Q2Wq+KbDWhc5rHWRw1oX+eFDKm9UTCpPKiaVqeKJypOKJypTxaQyVbyh8kbFE5VPqEwVU8VvOqx1kcNaFzmsdZEfPlTxRGVSeVIxqUwVn6iYVKaKSeVJxW+qmFSeVDxRmVSmikllqphUpopPHNa6yGGtixzWusgPX6YyVUwqU8WTiknlEypvVDxR+UTFGxWTyqTyRsWk8p90WOsih7UucljrIvYPH1CZKiaVNyomlU9UvKHypOKJylQxqUwVb6j8popJ5Y2KTxzWushhrYsc1rqI/cMHVL6p4onKVDGpfFPFE5U3Kp6oTBVPVKaKSeWbKn7TYa2LHNa6yGGti/zwoYpJ5UnFE5UnFZPKk4q/VPGGylQxqUwVU8Wk8k0Vk8qTik8c1rrIYa2LHNa6iP3DB1SeVEwqb1RMKn+pYlKZKiaVJxVPVJ5UvKEyVUwqU8UbKlPFJw5rXeSw1kUOa13khy+reKNiUplUPlExqXyTylQxqTxRmSomlUnlScUTlU+oTBXfdFjrIoe1LnJY6yI//DKVJypPKn5TxScqPlHxmyomlaliUnlSMalMFZ84rHWRw1oXOax1kR9+WcWk8obKVDGpPKl4Q2WqeEPlDZUnFU9UJpU3VG5yWOsih7UucljrIvYP/8VU3qiYVL6pYlL5popJZap4Q2WqmFSmit90WOsih7UucljrIj98SOUvVUwVk8pUMalMFX+pYlJ5UjGpvKEyVXxC5UnFJw5rXeSw1kUOa13khy+r+CaVJypTxaQyVUwqTyomlScVU8WkMlVMKk8qJpUnFW+oPKmYVL7psNZFDmtd5LDWRX74ZSpvVHxTxaTypGJSmSreUJkqfpPKN1X8pcNaFzmsdZHDWhf54X+Mym9SeaPiicpU8UbFpDJVPFH5RMU3Hda6yGGtixzWusgP/2MqflPFE5UnKlPFE5WpYlKZKiaVJxVPVKaK33RY6yKHtS5yWOsi9g8fUJkqvkllqnii8omKN1T+m1RMKk8q/tJhrYsc1rrIYa2L/PBlKn9JZap4Q+WJylTxpOKJyhsVk8pU8YbKVPFE5UnFNx3WushhrYsc1rqI/cNalzisdZHDWhc5rHWRw1oXOax1kcNaFzmsdZHDWhc5rHWRw1oXOax1kcNaFzmsdZHDWhc5rHWR/wNtjuVd7xomEAAAAABJRU5ErkJggg==
59	ВООАТАТА	377373737	Вововоов	\N	\N	\N	\N	data:image/png;base64,iVBORw0KGgoAAAANSUhEUgAAAKQAAACkCAYAAAAZtYVBAAAAAklEQVR4AewaftIAAAYpSURBVO3BQQ4bOxbAQFLw/a/MyVIrAY22M/rBq7I/GOMSizEushjjIosxLrIY4yKLMS6yGOMiizEushjjIosxLrIY4yKLMS6yGOMiizEushjjIosxLvLhJZW/qWKnsqs4UTmpOFHZVZyonFScqOwqnlD5myreWIxxkcUYF1mMcZEPX1bxTSonFU9U7FR2Km+oPKGyq9hV7FROKk4qvknlmxZjXGQxxkUWY1zkw4+pPFHxhMpJxUnFicqu4qRip3JSsVM5qfgmlScqfmkxxkUWY1xkMcZFPvzHVexUTlROKk5UTiqeUNlV7FR2KicV/2WLMS6yGOMiizEu8uEfU7FTOanYqbyh8obKrmKnsqv4lyzGuMhijIssxrjIhx+r+CWVXcWu4psqdionFScqJyq/VHGTxRgXWYxxkcUYF/nwZSo3UdlV7FR2FTuVJyp2KruKk4qdyq5ip7KrOFG52WKMiyzGuMhijIvYH/xDVHYVO5WTim9S2VWcqOwqdiq7in/JYoyLLMa4yGKMi9gfvKCyq9ip7CqeUDmpOFHZVexUTip2KruKnco3VexUTipOVHYVJyq7ip3KruKNxRgXWYxxkcUYF/nwUsUTKruKncqu4kTlmyp2KruKncquYqeyq9ipPFHxhMqu4kRlV3FS8U2LMS6yGOMiizEu8uEllTdUdhU7lV3FL6m8oXKiclJxorKr2Kl8k8qu4pcWY1xkMcZFFmNc5MNLFU+o7Cp2KruKNyqeqNipPFGxU9lV7FSeqDipOFF5ouJvWoxxkcUYF1mMcZEPL6mcVLyhsqvYVexUdionFTuVE5UTlZuonFS8obKreGMxxkUWY1xkMcZFPvyYyonKruJE5aTiCZUnKnYqf5PKExU7lZ3KrmKn8jctxrjIYoyLLMa4yIeXKnYqu4qdyhMqu4qdyk7lpGJXcaLyRsUTKruKXcVOZVfxhsqu4kTlmxZjXGQxxkUWY1zE/uCLVHYVJyonFU+oPFGxU3mjYqfyRMVOZVexU3mi4kTlpOKXFmNcZDHGRRZjXOTDj6mcVOxUdipPVDyhclJxorJT2VU8ofJLKruKJ1R2Fd+0GOMiizEushjjIh9+rOJEZVdxovKEyknFTuVE5Q2VXcVJxUnFTuWk4omKE5VdxRuLMS6yGOMiizEu8uEllSdUdhU7lZOKJyp2Kk+o7Cp2KruKk4qdyq5ip7Kr2KnsKk5UdhUnKruKXcU3Lca4yGKMiyzGuIj9wRepnFTsVHYVJyq7ip3KExUnKm9U/D+p7Cp2KicVf9NijIssxrjIYoyLfPixipOKE5UTlV3FTuVEZVdxUnGicqKyq3hCZVdxUrFT2VXcZDHGRRZjXGQxxkU+/GUqJxW7ihOVJyp2KjuVXcU3VTyhsqvYqewqdionKruKncquYqeyq3hjMcZFFmNcZDHGRT68pHKi8obKScVO5UTlpGKnclJxonJScVLxhMquYqeyq9ip7Cr+psUYF1mMcZHFGBf58FLFGyo7lV3FTuWJip3KruKk4omKN1SeqHii4maLMS6yGOMiizEu8uEllZOKncqu4kRlV/GEyhsqT1TsVE4q3lD5poqdyknFNy3GuMhijIssxriI/cF/mMoTFU+o7Cp2KruKE5WTip3KrmKnsqt4QmVX8f+0GOMiizEushjjIh9eUvmbKp6oeKPiCZUnKn5JZVdxonJS8UuLMS6yGOMiizEu8uHLKr5J5aTiRGVXcaKyq3iiYqfyRsUbFW9UnKjsKt5YjHGRxRgXWYxxkQ8/pvJExRsqu4oTlV3FGypPqHyTyhsVJyq7im9ajHGRxRgXWYxxkQ//mIonKv6mip3KScWJyknFTuVE5aTilxZjXGQxxkUWY1zkw3+cyq5ip3JSsVPZVTxR8UbFicr/k8pJxRuLMS6yGOMiizEu8uHHKn6p4omKncqu4kTlRGVXsVN5QuWkYqeyU/mmil9ajHGRxRgXWYxxkQ9fpvI3qewq3lDZVewqTlROKk5UTipuorKreGMxxkUWY1xkMcZF7A/GuMRijIssxrjIYoyLLMa4yGKMiyzGuMhijIssxrjIYoyLLMa4yGKMiyzGuMhijIssxrjIYoyL/A+JrfZzLLkkjgAAAABJRU5ErkJggg==
30	ЛУЧШАЯ ПЛАСТИНКА ФЕДИ 2024	\N	\N	\N	\N	\N	\N	data:image/png;base64,iVBORw0KGgoAAAANSUhEUgAAAKQAAACkCAYAAAAZtYVBAAAAAklEQVR4AewaftIAAAYbSURBVO3BQY4bwREAwcwG///ltI7lywAEuauWXRH2B2td4rDWRQ5rXeSw1kUOa13ksNZFDmtd5LDWRQ5rXeSw1kUOa13ksNZFDmtd5LDWRQ5rXeSw1kVefEjlN1VMKlPFpDJVTCq/qWJSmSqeqEwVT1R+U8UnDmtd5LDWRQ5rXeTFl1V8k8o3qbyjYlKZKp6oTCpTxTsqJpWp4knFN6l802GtixzWushhrYu8+GEq76h4R8U3VXxCZaqYVCaVqWJS+Ukq76j4SYe1LnJY6yKHtS7y4h+nMlV8k8pUMalMFZ9QeUfF/5LDWhc5rHWRw1oXefGPq5hUpoonKp+omFSmiqliUpkqJpUnKlPFv+yw1kUOa13ksNZFXvywit9UMak8qfhNKk9UpopJZar4RMVNDmtd5LDWRQ5rXeTFl6n8JpWp4knFpDJVvENlqphUpopJZaqYVKaKSWWqeKJys8NaFzmsdZHDWhexP/iHqTyp+ITKVPFE5UnFpPKk4v/JYa2LHNa6yGGti7z4kMpUMak8qZhU3lExqUwqU8UTlU9UPFGZKn6SylTxRGWqmFSeVHzisNZFDmtd5LDWRV78sopJ5UnFE5VvqphUJpUnFU8qJpWp4h0qU8UTlaniicpU8ZMOa13ksNZFDmtd5MWHKiaVT1RMKu+o+E0Vk8pU8Q6V36TypGJSmSq+6bDWRQ5rXeSw1kVe/LCKSWWqmFSmiknlHSpTxaTyjoonFZPKOyomlaniicpUMalMFZPK33RY6yKHtS5yWOsiLz6kMlVMKlPFk4pJ5R0qU8WTineoTBWfqHiHylTxCZWbHNa6yGGtixzWuoj9wQdUpop3qEwVf5PKVPFEZaqYVKaKb1L5myq+6bDWRQ5rXeSw1kVefJnKVDGpPFF5R8UTlXdUPFH5m1SmiicqU8WkMlVMKlPFTzqsdZHDWhc5rHWRFz9MZaqYVJ5UPFGZKp5UTCqTypOKSeVJxaTyiYonKk9UpopJZar4TYe1LnJY6yKHtS7y4ssqvknlHSpPVKaKd6hMFZPKOyq+qWJSmSomlZsc1rrIYa2LHNa6yIvLVLxDZap4ovJEZar4RMUnVKaKv0nlScUnDmtd5LDWRQ5rXeTFhyomlW9SeYfKVDFVPKmYVKaKT6hMFe9Q+YTKk4pJ5Tcd1rrIYa2LHNa6iP3BF6lMFU9UnlRMKk8qfpLKk4p3qEwVT1Smik+oTBXvUJkqPnFY6yKHtS5yWOsiL76sYlJ5UvFE5RMqU8UTlaniScUTlXeoTBVTxaQyVUwqU8VUMak8qfhJh7UucljrIoe1LvLiQypPKiaVSeVJxaTyROWJyjtU3qHypOKJyjsqPqEyVfxNh7UucljrIoe1LvLiQxVPVKaKd6hMFd+k8o6KSeVJxSdUpop3VLxD5W86rHWRw1oXOax1kRdfpvJEZaqYVKaKSWWqmFTeUTGpTBXvqHiiMlU8qZhUpopJZar4RMWk8pMOa13ksNZFDmtd5MWHVKaKSeWJyhOVqWJSeVLxTSpTxaTypGJSeUfFpPJE5RMqU8Wk8k2HtS5yWOsih7UuYn/wD1P5RMUnVJ5UTCpTxROVd1S8Q+VJxROVqeITh7UucljrIoe1LvLiQyq/qeIdFZPKpDJVPFF5UvEOlanim1SmiicVf9NhrYsc1rrIYa2LvPiyim9S+YTKVDGpTCq/qWJSmSqeqDypeIfKk4qfdFjrIoe1LnJY6yIvfpjKOyreUTGpTBVPKp6oPKmYVKaKqWJSmSqeqDxR+UTFpPKk4psOa13ksNZFDmtd5MU/TmWqeKLyiYp3qLxD5UnFpDJVPFGZKiaVJypTxTcd1rrIYa2LHNa6yIv1XyomlU9UTCpTxROVT6i8o2JSmSp+0mGtixzWushhrYu8+GEVP6niicpU8QmVJxW/qWJSmSomlUllqniHylTxicNaFzmsdZHDWhd58WUqv0nlm1TeUfFEZaqYVKaKJyqfqJhUnlQ8qfimw1oXOax1kcNaF7E/WOsSh7UucljrIoe1LnJY6yKHtS5yWOsih7UucljrIoe1LnJY6yKHtS5yWOsih7UucljrIoe1LvIfCAHdkku4jxoAAAAASUVORK5CYII=
38	ПЛАСТИНКА ДАШИ	\N	\N	\N	\N	\N	\N	data:image/png;base64,iVBORw0KGgoAAAANSUhEUgAAAKQAAACkCAYAAAAZtYVBAAAAAklEQVR4AewaftIAAAYNSURBVO3BQW5jSxLAQLKg+1+Z08tcPUCQbNcfZIT9w1qXOKx1kcNaFzmsdZHDWhc5rHWRw1oXOax1kcNaFzmsdZHDWhc5rHWRw1oXOax1kcNaFzmsdZEXH1L5TRWTylQxqUwVk8pvqphUpoonKlPFE5XfVPGJw1oXOax1kcNaF3nxZRXfpPIOlScq76iYVKaKJyqTylTxjopJZap4UvFNKt90WOsih7UucljrIi9+mMo7Kt5RMalMFZPKk4pPqEwVk8qkMlVMKj9J5R0VP+mw1kUOa13ksNZFXvzHqTxR+YTKVDGpTBWfUHlHxf+Tw1oXOax1kcNaF3nxH1cxqUwVk8o3VUwqU8VUMalMFZPKE5Wp4r/ssNZFDmtd5LDWRV78sIrfVDGpTBV/SeWJylQxqUwVn6i4yWGtixzWushhrYu8+DKV36QyVbxDZap4h8pUMalMFZPKVDGpTBWTylTxROVmh7UucljrIoe1LvLiQxU3UZkqflLFpPIJlaniScWTiv+Sw1oXOax1kcNaF7F/+IDKVDGpPKmYVN5RMak8qXii8qTiEypTxU9SmSqeqEwVk8qTik8c1rrIYa2LHNa6yItfVjGpPKl4ojJVTCrvqJhUJpUnFU8qJpWp4h0qU8UTlaniicpU8ZMOa13ksNZFDmtd5MWHKj5RMalMKu9QmSp+UsWkMlW8Q+U3qTypmFSmim86rHWRw1oXOax1kRc/rGJSeVLxROVJxaQyVUwq76h4UjGpvKNiUpkqnqhMFZPKVDGp/KXDWhc5rHWRw1oXefEhlZ+k8qRiUvlExROVqeITFe9QmSo+oXKTw1oXOax1kcNaF7F/+IDKVPEOlScVk8qTikllqphUnlQ8UZkqJpWp4ptU/lLFNx3WushhrYsc1rrIiy9TeVLxDpVvUpkq3qHyl1SmiicqU8WkMlVMKlPFTzqsdZHDWhc5rHWRFz+sYlJ5R8Wk8k0q76iYVJ5UTCqfqHii8kRlqphUporfdFjrIoe1LnJY6yL2Dx9QmSreofKXKt6hMlVMKu+o+EkqU8Wk8qTiNx3WushhrYsc1rrIiw9VfKLiEypPKiaV31TxCZWp4i+pPKn4xGGtixzWushhrYu8+DKVv1QxqUwVT1SeVHxCZap4h8onVJ5UTCq/6bDWRQ5rXeSw1kVefEhlqviEylQxqTxR+UkqTyqeVEwqU8VUMalMFZ9QeVLxROWbDmtd5LDWRQ5rXeTFl6l8omJSeUfFpPKTKp6ovENlqpgqJpWpYlKZKqaKSeVJxU86rHWRw1oXOax1kRc/rGJSeUfFE5VJZaqYVN5RMak8UXlS8URlUpkqpopPqEwVf+mw1kUOa13ksNZFXnyo4hMVT1SmiicV76iYVCaVqWJSeVLxlyreofKXDmtd5LDWRQ5rXeTFl6k8qXiiMlW8Q+VJxaTypOIdFU9UpoonFZPKVDGpTBWfqJhUftJhrYsc1rrIYa2L2D98QGWqmFT+UsWkMlVMKlPFpDJVTCpPKiaVJxVPVH5TxaQyVXzisNZFDmtd5LDWRV58qOJJxU9SeaLyTRWTypOKSWWqeKLyjop3qDyp+E2HtS5yWOsih7Uu8uJDKr+p4ptUnqi8o+IdKlPFN6lMFU8q/tJhrYsc1rrIYa2LvPiyim9S+aaKSeVJxaTyTRWTylTxROVJxTtUnlT8pMNaFzmsdZHDWhd58cNU3lHxjopJ5R0Vn6iYVKaKqWJSmSqeqDxR+UTFpPKk4psOa13ksNZFDmtd5MV/nMpUMak8UXlHxTtU3qHypGJSmSqeqEwVk8oTlanimw5rXeSw1kUOa13kxf+5ikllqnii8omKSWWqeKLyCZV3VEwqU8VPOqx1kcNaFzmsdZEXP6ziJ1U8UXmiMlU8UXlS8ZsqJpWpYlKZVKaKd6hMFZ84rHWRw1oXOax1kRdfpvKbVN5R8UTlHRVPVKaKSWWqeKLyiYpJ5UnFk4pvOqx1kcNaFzmsdRH7h7UucVjrIoe1LnJY6yKHtS5yWOsih7UucljrIoe1LnJY6yKHtS5yWOsih7UucljrIoe1LnJY6yL/Azr83Xc8guITAAAAAElFTkSuQmCC
\.


--
-- Data for Name: vinyls2tracks; Type: TABLE DATA; Schema: public; Owner: postgres
--

COPY public.vinyls2tracks (vinyl_id, track_id) FROM stdin;
54	3
55	4
55	5
54	6
56	7
57	8
57	9
57	10
59	11
59	12
\.


--
-- Name: tracks_track_id_seq; Type: SEQUENCE SET; Schema: public; Owner: postgres
--

SELECT pg_catalog.setval('public.tracks_track_id_seq', 12, true);


--
-- Name: vinyls_vinyl_id_seq; Type: SEQUENCE SET; Schema: public; Owner: postgres
--

SELECT pg_catalog.setval('public.vinyls_vinyl_id_seq', 59, true);


--
-- Name: tracks tracks_pk; Type: CONSTRAINT; Schema: public; Owner: postgres
--

ALTER TABLE ONLY public.tracks
    ADD CONSTRAINT tracks_pk PRIMARY KEY (track_id);


--
-- Name: vinyls vinyls_pk; Type: CONSTRAINT; Schema: public; Owner: postgres
--

ALTER TABLE ONLY public.vinyls
    ADD CONSTRAINT vinyls_pk PRIMARY KEY (vinyl_id);


--
-- Name: vinyls2tracks vinyls2tracks_fk; Type: FK CONSTRAINT; Schema: public; Owner: postgres
--

ALTER TABLE ONLY public.vinyls2tracks
    ADD CONSTRAINT vinyls2tracks_fk FOREIGN KEY (vinyl_id) REFERENCES public.vinyls(vinyl_id);


--
-- Name: vinyls2tracks vinyls2tracks_fk_1; Type: FK CONSTRAINT; Schema: public; Owner: postgres
--

ALTER TABLE ONLY public.vinyls2tracks
    ADD CONSTRAINT vinyls2tracks_fk_1 FOREIGN KEY (track_id) REFERENCES public.tracks(track_id);


--
-- PostgreSQL database dump complete
--

